library,version,fixture_id,kind,formula,dataset,n_rows,scale,scope,status,error,n_reps,min_s,median_s,max_s
lmpy,0.0.1,cur_0052,mgcv,"y ~ te(x0, x1, bs = c(""tp"", ""cr""))",mgcv/gamSim_eg5,400,1,full,unsupported,NotImplementedError: te/ti with bs='tp' margins not yet supported,7,,,
lmpy,0.0.1,cur_0053,mgcv,"y ~ te(x0, x1, k = c(5, 10))",mgcv/gamSim_eg5,400,1,parametric,ok,degraded: ValueError: cr smooth: fewer unique x than knots (4 < 5),7,0.00015844099107198417,0.00016424202476628125,0.00020525301806628704
lmpy,0.0.1,cur_0054,mgcv,"y ~ s(x0, by = x1)",mgcv/gamSim_eg5,400,1,parametric,ok,degraded: ValueError: tp smooth: fewer unique covariate rows than k (4 < 10),7,0.00013008600217290223,0.0001362269977107644,0.00017333897994831204
lmpy,0.0.1,cur_0055,mgcv,"yield ~ Variety + s(nitro, by = Variety)",nlme/Oats,72,1,parametric,ok,degraded: ValueError: tp smooth: fewer unique covariate rows than k (4 < 10),7,0.0005320149939507246,0.0005421910027507693,0.0005863810074515641
lmpy,0.0.1,cur_0056,mgcv,"y ~ s(x0) + s(x1) + ti(x0, x1)",mgcv/gamSim_eg5,400,1,parametric,ok,degraded: ValueError: tp smooth: fewer unique covariate rows than k (4 < 10),7,0.00017624598694965243,0.0001801530015654862,0.00021613400895148516
lmpy,0.0.1,cur_0057,mgcv,"y ~ s(x0, k = 5) + s(x1, k = 5) + ti(x0, x1, k = c(5, 5))",mgcv/gamSim_eg5,400,1,parametric,ok,degraded: ValueError: tp smooth: fewer unique covariate rows than k (4 < 5),7,0.00022825298947282135,0.00023499000235460699,0.00026653599343262613
lmpy,0.0.1,cur_0058,mgcv,"y ~ s(x0, k = 50)",mgcv/gamSim_eg5,400,1,parametric,ok,degraded: ValueError: tp smooth: fewer unique covariate rows than k (4 < 50),7,0.00013408801169134676,0.00014283301425166428,0.000181743991561234
lmpy,0.0.1,cur_0059,mgcv,"y ~ s(x0, k = 3)",mgcv/gamSim_eg5,400,1,full,ok,,7,0.0020528840250335634,0.002245170995593071,0.002340000995900482
lmpy,0.0.1,cur_0060,mgcv,"temp ~ s(day.of.year, bs = ""cc"", k = 20)",gamair/cairo,3780,1,full,ok,,7,0.0038377769815269858,0.004255097999703139,0.0045457539963535964
lmpy,0.0.1,cur_0061,mgcv,"distance ~ s(age, Subject, bs = ""fs"")",nlme/Orthodont,108,1,parametric,ok,degraded: ValueError: tp smooth: fewer unique covariate rows than k (4 < 10),7,0.00013586899149231613,0.00014227101928554475,0.000179466005647555
lmpy,0.0.1,cur_0062,mgcv,y ~ te(x0),mgcv/gamSim_eg5,400,1,parametric,ok,degraded: ValueError: cr smooth: fewer unique x than knots (4 < 5),7,0.0001201150007545948,0.00013007697998546064,0.0001630979822948575
lmpy,0.0.1,cur_0063,mgcv,"uptake ~ s(Plant, bs = ""re"")",R/CO2,84,1,full,ok,,7,0.0010694639931898564,0.001169490977190435,0.0012756020005326718
lmpy,0.0.1,cur_0064,mgcv,"y ~ s(x0, bs = ""ts"") + s(x1, bs = ""ts"")",mgcv/gamSim_eg5,400,1,full,unsupported,NotImplementedError: smooth bs='ts' (class dispatch for s(x0)) not yet implemented,7,,,
lmpy,0.0.1,cur_0065,mgcv,"y ~ s(x0, bs = ""cs"", k = 10)",mgcv/gamSim_eg5,400,1,full,unsupported,NotImplementedError: smooth bs='cs' (class dispatch for s(x0)) not yet implemented,7,,,
lmpy,0.0.1,cur_0066,mgcv,"y ~ s(x0, pc = 0.5)",mgcv/gamSim_eg5,400,1,parametric,ok,degraded: ValueError: tp smooth: fewer unique covariate rows than k (4 < 10),7,0.0001378619926981628,0.00014488797751255333,0.00018199699115939438
lmpy,0.0.1,cur_0068,mgcv,"y ~ s(x0, bs = ""cr"", xt = list(border = 2))",mgcv/gamSim_eg5,400,1,parametric,ok,degraded: ValueError: cr smooth: fewer unique x than knots (4 < 10),7,0.00016256602248176932,0.00016917299944907427,0.0002058560203295201
lmpy,0.0.1,mgcv_0003,mgcv,"score ~ Machine + s(Worker, bs = ""re"") + s(Machine, Worker, bs = ""re"")",nlme/Machines,54,1,full,ok,,7,0.00290745502570644,0.0031203200051095337,0.0033438710088375956
lmpy,0.0.1,mgcv_0004,mgcv,"score ~ Machine + s(Worker, bs = ""re"") + s(Worker, bs = ""re"", by = Machine)",nlme/Machines,54,1,full,ok,,7,0.002549632015870884,0.00265827399562113,0.0029572319763246924
lmpy,0.0.1,mgcv_0005,mgcv,Volume ~ s(Height) + s(Girth),mgcv/trees,31,1,full,ok,,7,0.005279977020109072,0.0054749590053688735,0.006095390010159463
lmpy,0.0.1,mgcv_0006,mgcv,"Volume ~ s(Height, bs = ""cr"") + s(Girth, bs = ""cr"")",mgcv/trees,31,1,full,ok,,7,0.002152670989744365,0.0022134749742690474,0.002487077988917008
lmpy,0.0.1,mgcv_0007,mgcv,"Volume ~ s(Height) + s(Girth, bs = ""cr"", k = 20)",mgcv/trees,31,1,full,ok,,7,0.00401721999514848,0.00411209900630638,0.005088256002636626
lmpy,0.0.1,mgcv_0008,mgcv,"Volume ~ s(Height, Girth, k = 25)",mgcv/trees,31,1,full,ok,,7,0.0031938630272634327,0.0033130169904325157,0.003464114008238539
lmpy,0.0.1,mgcv_0009,mgcv,"Volume ~ te(Height, Girth, k = 5)",mgcv/trees,31,1,full,ok,,7,0.002073775016469881,0.0021554940030910075,0.0022981020156294107
lmpy,0.0.1,mgcv_0010,mgcv,Volume ~ Height + s(Girth),mgcv/trees,31,1,full,ok,,7,0.0027572709950618446,0.002876525017200038,0.0035164380096830428
lmpy,0.0.1,mgcv_0012,mgcv,"y ~ s(x0, bs = ""pl"", m = 2) + s(x1, bs = ""pl"", m = 2) + s(x2, bs = ""pl"", m = 3) + s(x3, bs = ""pl"", m = 2)",mgcv/gamSim_eg5,400,1,full,unsupported,NotImplementedError: smooth bs='pl' (class dispatch for s(x0)) not yet implemented,7,,,
lmpy,0.0.1,mgcv_0013,mgcv,y ~ s(x),gamair/hubble,24,1,full,ok,,7,0.0026451539888512343,0.002695867995498702,0.0029450269939843565
lmpy,0.0.1,mgcv_0014,mgcv,y ~ x,gamair/hubble,24,1,full,ok,,7,0.00014601898146793246,0.000155179004650563,0.0002021209802478552
lmpy,0.0.1,mgcv_0015,mgcv,"accel ~ s(times, k = 40)",MASS/mcycle,133,1,full,ok,,7,0.006102578976424411,0.0063540209957864136,0.006730400986270979
lmpy,0.0.1,mgcv_0016,mgcv,"accel ~ s(times, k = 11, fx = TRUE)",MASS/mcycle,133,1,full,ok,,7,0.0029185719904489815,0.002979772980324924,0.0030871070048306137
lmpy,0.0.1,mgcv_0017,mgcv,"accel ~ s(times, k = 11, fx = TRUE, bs = ""cr"")",MASS/mcycle,133,1,full,ok,,7,0.0009949359809979796,0.001039958995534107,0.0012202700017951429
lmpy,0.0.1,mgcv_0018,mgcv,"accel ~ s(times, k = 40, m = 3)",MASS/mcycle,133,1,full,ok,,7,0.005286296014674008,0.0056094040046446025,0.005673289997503161
lmpy,0.0.1,mgcv_0020,mgcv,price ~ s(h.rain) + s(s.temp) + s(h.temp) + s(year),gamair/wine,47,1,full,ok,,7,0.009768900024937466,0.010298959008650854,0.010871117003262043
lmpy,0.0.1,mgcv_0026,mgcv,y ~ s(x0) + s(x1) + s(x2) + s(x3),mgcv/gamSim_eg5,400,1,parametric,ok,degraded: ValueError: tp smooth: fewer unique covariate rows than k (4 < 10),7,0.0001993750047404319,0.00020845100516453385,0.00034508699900470674
lmpy,0.0.1,mgcv_0027,mgcv,"y ~ s(x, k = 40)",mgcv/gamSim_eg2,400,1,full,ok,,7,0.014707311987876892,0.0154184149869252,0.017036210017977282
lmpy,0.0.1,mgcv_0028,mgcv,"z ~ s(x, y, k = 100)",mgcv/gamSim_eg2,400,1,full,ok,,7,0.07197049801470712,0.07387071300763637,0.07507182800327428
lmpy,0.0.1,mgcv_0030,mgcv,y ~ x0 + s(x1) + s(x2) + s(x3),mgcv/gamSim_eg5,400,1,full,ok,,7,0.019804298994131386,0.020406068011652678,0.021468540013302118
lmpy,0.0.1,mgcv_0031,mgcv,y ~ x0 + s(x1) + s(x2),mgcv/gamSim_eg5,400,1,full,ok,,7,0.012934071011841297,0.013622916012536734,0.014681815984658897
lmpy,0.0.1,mgcv_0036,mgcv,"y ~ s(x0, k = 6) + s(x1, k = 6) + s(x2, k = 6) + s(x3, k = 6)",mgcv/gamSim_eg5,400,1,parametric,ok,degraded: ValueError: tp smooth: fewer unique covariate rows than k (4 < 6),7,0.00023738399613648653,0.0002450780011713505,0.0002947770117316395
lmpy,0.0.1,mgcv_0041,mgcv,"y ~ s(x0, k = 6) + s(x1, k = 6) + s(x2, k = 20) + s(x3, k = 6)",mgcv/gamSim_eg5,400,1,parametric,ok,degraded: ValueError: tp smooth: fewer unique covariate rows than k (4 < 6),7,0.00024021699209697545,0.0002446160069666803,0.000279981002677232
lmpy,0.0.1,mgcv_0042,mgcv,"y ~ s(x0) + s(x1, x2, k = 15) + s(x3)",mgcv/gamSim_eg5,400,1,parametric,ok,degraded: ValueError: tp smooth: fewer unique covariate rows than k (4 < 10),7,0.00018954600091092288,0.0001993380137719214,0.0002330330025870353
lmpy,0.0.1,mgcv_0044,mgcv,"y ~ s(x0) + te(x1, x2, k = 4) + s(x3)",mgcv/gamSim_eg5,400,1,parametric,ok,degraded: ValueError: tp smooth: fewer unique covariate rows than k (4 < 10),7,0.00019129799329675734,0.00019582899403758347,0.0002320669882465154
lmpy,0.0.1,mgcv_0046,mgcv,"y ~ s(x0, k = 5) + s(x1, k = 5) + s(x2, k = 5) + s(x3, k = 5)",mgcv/gamSim_eg5,400,1,parametric,ok,degraded: ValueError: tp smooth: fewer unique covariate rows than k (4 < 5),7,0.00023985101142898202,0.00024075398687273264,0.0002796729968395084
lmpy,0.0.1,mgcv_0047,mgcv,"y ~ s(x0, k = 6) + s(x1, k = 6) + s(x2, k = 12) + s(x3, k = 6)",mgcv/gamSim_eg5,400,1,parametric,ok,degraded: ValueError: tp smooth: fewer unique covariate rows than k (4 < 6),7,0.00024254797608591616,0.00024420698173344135,0.00028994999593123794
lmpy,0.0.1,mgcv_0048,mgcv,"y ~ s(x0, k = 6) + s(x1, k = 6) + s(x2, k = 24) + s(x3, k = 6)",mgcv/gamSim_eg5,400,1,parametric,ok,degraded: ValueError: tp smooth: fewer unique covariate rows than k (4 < 6),7,0.00024261599173769355,0.000254759012022987,0.00033842198899947107
lmpy,0.0.1,mgcv_0049,mgcv,"y ~ s(x0, k = 6) + s(x1, k = 6) + s(x2, k = 40) + s(x3, k = 6)",mgcv/gamSim_eg5,400,1,parametric,ok,degraded: ValueError: tp smooth: fewer unique covariate rows than k (4 < 6),7,0.00023797200992703438,0.00024150998797267675,0.0002756440080702305
lmpy,0.0.1,mgcv_0061,mgcv,"y ~ s(x0, bs = ""cr"") + s(x1, bs = ""cr"") + s(x2, bs = ""cr"") + s(x3, bs = ""cr"")",mgcv/gamSim_eg5,400,1,parametric,ok,degraded: ValueError: cr smooth: fewer unique x than knots (4 < 10),7,0.000238278997130692,0.0002440650132484734,0.0002750069834291935
lmpy,0.0.1,mgcv_0062,mgcv,"y ~ s(x0) + s(x1, fac, bs = ""fs"", k = 5) + s(x2, k = 20)",mgcv/gamSim_eg4,400,1,full,ok,,7,0.03054988299845718,0.030997655005194247,0.03244761601672508
lmpy,0.0.1,mgcv_0063,mgcv,"y ~ s(x0) + s(x1) + s(x1, fac, bs = ""sz"", k = 5) + s(x2, k = 20)",mgcv/gamSim_eg4,400,1,full,ok,,7,0.033399965992430225,0.03429758799029514,0.03617505499278195
lmpy,0.0.1,mgcv_0064,mgcv,"y ~ te(x0, x1, k = 7) + s(x2) + s(x3)",mgcv/gamSim_eg5,400,1,parametric,ok,degraded: ValueError: cr smooth: fewer unique x than knots (4 < 7),7,0.00019175998750142753,0.00019795799744315445,0.00023333498393185437
lmpy,0.0.1,mgcv_0065,mgcv,"y ~ s(x0) + s(x1) + s(x2) + s(x3) + ti(x1, x2, k = 6)",mgcv/gamSim_eg5,400,1,parametric,ok,degraded: ValueError: tp smooth: fewer unique covariate rows than k (4 < 10),7,0.00023284097551368177,0.0002413660113234073,0.00027619299362413585
lmpy,0.0.1,mgcv_0066,mgcv,"y ~ s(x0, x1, k = 40) + s(x2) + s(x3)",mgcv/gamSim_eg5,400,1,full,ok,,7,0.04256105801323429,0.04415591398719698,0.0460989759885706
lmpy,0.0.1,mgcv_0067,mgcv,"y ~ s(x0, sp = 0.01) + s(x1) + s(x2) + s(x3)",mgcv/gamSim_eg5,400,1,parametric,ok,degraded: ValueError: tp smooth: fewer unique covariate rows than k (4 < 10),7,0.0002069429901894182,0.00021547797950915992,0.000249411998083815
lmpy,0.0.1,mgcv_0068,mgcv,"y ~ s(x0, k = 4, fx = TRUE, bs = ""tp"") + s(x1, k = 12) + s(x2, k = 15)",mgcv/gamSim_eg5,400,1,full,ok,,7,0.032119698997121304,0.03309498299495317,0.03363858297234401
lmpy,0.0.1,mgcv_0069,mgcv,"y ~ s(x0, bs = ""cr"") + s(x1, bs = ""cr"") + s(x2, bs = ""cr"")",mgcv/gamSim_eg5,400,1,parametric,ok,degraded: ValueError: cr smooth: fewer unique x than knots (4 < 10),7,0.0002079010009765625,0.0002132359950337559,0.0002504450094420463
lmpy,0.0.1,mgcv_0070,mgcv,y ~ s(x0) + s(x1) + s(x2),mgcv/gamSim_eg5,400,1,parametric,ok,degraded: ValueError: tp smooth: fewer unique covariate rows than k (4 < 10),7,0.0001672280195634812,0.00017830199794843793,0.00020857900381088257
lmpy,0.0.1,mgcv_0071,mgcv,y ~ s(x1) + s(x2),mgcv/gamSim_eg5,400,1,full,ok,,7,0.012983994005480781,0.013454628002364188,0.01417252401006408
lmpy,0.0.1,mgcv_0072,mgcv,"y ~ s(x, z)",mgcv/gamSim_eg2,400,1,full,ok,,7,0.028498767991550267,0.03072384902043268,0.03242684798897244
lmpy,0.0.1,mgcv_0073,mgcv,"y ~ s(x, z, k = 40)",mgcv/gamSim_eg2,400,1,full,ok,,7,0.026830688992049545,0.027905001014005393,0.028717387991491705
lmpy,0.0.1,mgcv_0074,mgcv,"y ~ s(x, z, k = 64)",mgcv/gamSim_eg2,400,1,full,ok,,7,0.04159969702595845,0.04361771899857558,0.04637214500689879
lmpy,0.0.1,mgcv_0076,mgcv,"y ~ s(x, k = 15)",mgcv/gamSim_eg2,400,1,full,ok,,7,0.01099510700441897,0.012256128014996648,0.01263463098439388
lmpy,0.0.1,mgcv_0077,mgcv,"y ~ s(x2, by = x1)",mgcv/gamSim_eg5,400,1,full,ok,,7,0.006836893007857725,0.007444463990395889,0.008077445003436878
lmpy,0.0.1,mgcv_0078,mgcv,"y ~ fac + s(x2, by = fac) + s(x0)",mgcv/gamSim_eg4,400,1,full,ok,,7,0.014319640991743654,0.014900687005138025,0.0176484800176695
lmpy,0.0.1,mgcv_0079,mgcv,"y ~ s(x2, by = as.numeric(fac == 1)) + s(x2, by = as.numeric(fac == 2)) + s(x2, by = as.numeric(fac == 3)) + s(x0) - 1",mgcv/gamSim_eg4,400,1,full,ok,,7,0.02808418800123036,0.030320701014716178,0.03139876000932418
lmpy,0.0.1,mgcv_0080,mgcv,"y ~ fac + s(x2, by = fac, id = 1) + s(x0)",mgcv/gamSim_eg4,400,1,full,ok,,7,0.014958406012738124,0.015645823994418606,0.01645141901099123
lmpy,0.0.1,mgcv_0081,mgcv,"y ~ fac + s(x2) + s(x2, by = fac) + s(x0)",mgcv/gamSim_eg4,400,1,full,ok,,7,0.021092167997267097,0.02251776898629032,0.023331694974331185
lmpy,0.0.1,mgcv_0083,mgcv,"y ~ s(fac, bs = ""re"") + s(x0) + s(x1) + s(x2) + s(x3)",mgcv/gamSim_eg6,400,1,full,ok,,7,0.027221727999858558,0.030462572001852095,0.03163249700446613
lmpy,0.0.1,mgcv_0087,mgcv,"y ~ s(x0) + s(x1) + s(x0, x1) + s(x2)",mgcv/gamSim_eg5,400,1,parametric,ok,degraded: ValueError: tp smooth: fewer unique covariate rows than k (4 < 10),7,0.00019849499221891165,0.0002048139867838472,0.00024327199207618833
lmpy,0.0.1,mgcv_0088,mgcv,"y ~ s(x, bs = ""cr"", k = 6) + s(z, bs = ""cr"", k = 6) + te(x, z, k = 6)",mgcv/gamSim_eg2,400,1,full,ok,,7,0.0044534909829963,0.0046535560104530305,0.004874767997534946
lmpy,0.0.1,mgcv_0089,mgcv,"y ~ ti(x, k = 6) + ti(z, k = 6) + ti(x, z, k = 6)",mgcv/gamSim_eg2,400,1,full,ok,,7,0.004714520007837564,0.004897394013823941,0.005108097015181556
lmpy,0.0.1,mgcv_0091,mgcv,y ~ s(x0) + s(x1) + s(x2) + s(x3),mgcv/gamSim_eg5,400,1,parametric,ok,degraded: ValueError: tp smooth: fewer unique covariate rows than k (4 < 10),7,0.00018739799270406365,0.00019444499048404396,0.0002274650032632053
lmpy,0.0.1,mgcv_0092,mgcv,"y ~ te(x0, x1) + s(x2) + s(x3)",mgcv/gamSim_eg5,400,1,parametric,ok,degraded: ValueError: cr smooth: fewer unique x than knots (4 < 5),7,0.000175278983078897,0.000184807984624058,0.0002169660001527518
lmpy,0.0.1,mgcv_0093,mgcv,y ~ s(x0) + s(x1) + s(x2),mgcv/gamSim_eg5,400,1,parametric,ok,degraded: ValueError: tp smooth: fewer unique covariate rows than k (4 < 10),7,0.00016634201165288687,0.0001714260142762214,0.00020549999317154288
lmpy,0.0.1,mgcv_0094,mgcv,"y ~ s(x, k = 20)",mgcv/gamSim_eg2,400,1,full,ok,,7,0.012667990988120437,0.013725502009037882,0.014959958993131295
lmpy,0.0.1,mgcv_0095,mgcv,"y ~ s(x, k = 20)",mgcv/gamSim_eg2,400,1,full,ok,,7,0.013063591002719477,0.013757078006165102,0.014438746002269909
lmpy,0.0.1,mgcv_0096,mgcv,"y ~ s(x0, bs = ""cr"") + s(x1, bs = ""cr"") + s(x2, bs = ""cr"") + s(x3, bs = ""cr"")",mgcv/gamSim_eg5,400,1,parametric,ok,degraded: ValueError: cr smooth: fewer unique x than knots (4 < 10),7,0.00023943299311213195,0.00024479901185259223,0.0002780680079013109
lmpy,0.0.1,mgcv_0097,mgcv,"y ~ s(x, z, k = 50)",mgcv/gamSim_eg2,400,1,full,ok,,7,0.0346333269844763,0.03535950800869614,0.036039025988429785
lmpy,0.0.1,mgcv_0098,mgcv,"y ~ s(x, z, k = 50)",mgcv/gamSim_eg2,400,1,full,ok,,7,0.034185426018666476,0.03568167801131494,0.08880709199002013
lmpy,0.0.1,mgcv_0110,mgcv,"y ~ s(x, bs = ""cc"", k = 6)",mgcv/gamSim_eg2,400,1,full,ok,,7,0.0012159250036347657,0.0013283640146255493,0.0013857209996785969
lmpy,0.0.1,mgcv_0111,mgcv,"y ~ s(x, k = 10, bs = ""cr"")",mgcv/gamSim_eg2,400,1,full,ok,,7,0.0015308619767893106,0.0015984750061761588,0.0017489040037617087
lmpy,0.0.1,mgcv_0112,mgcv,"y ~ s(x, k = 10)",mgcv/gamSim_eg2,400,1,full,ok,,7,0.0070650480047333986,0.007241164013976231,0.00792949300375767
lmpy,0.0.1,mgcv_0114,mgcv,"y ~ t2(x0, x1, bs = ""tp"", m = 1, k = 7) + s(x2) + s(x3)",mgcv/gamSim_eg5,400,1,parametric,ok,degraded: ValueError: tp smooth: fewer unique covariate rows than k (4 < 7),7,0.00021646000095643103,0.000220718007767573,0.0002689500106498599
lmpy,0.0.1,mgcv_0115,mgcv,"y ~ t2(x0, x1, bs = ""tp"", m = 2, k = 7, full = TRUE) + s(x2) + s(x3)",mgcv/gamSim_eg5,400,1,parametric,ok,degraded: ValueError: tp smooth: fewer unique covariate rows than k (4 < 7),7,0.00022430700482800603,0.00022893399000167847,0.0002652569964993745
lmpy,0.0.1,mgcv_0116,mgcv,"y ~ x0 + s(x1, x2) + s(x3)",mgcv/gamSim_eg5,400,1,full,ok,,7,0.03664959201705642,0.03808879101416096,0.038555525010451674
lmpy,0.0.1,mgcv_0117,mgcv,"y ~ te(x0, x1, x2, d = c(1, 2), k = c(5, 15)) + s(x3)",mgcv/gamSim_eg5,400,1,parametric,ok,degraded: ValueError: c(...) length 2 doesn't match margin count 3,7,0.00021659000776708126,0.00023460498778149486,0.0002617310092318803
lmpy,0.0.1,mgcv_0118,mgcv,y ~ s(x0) + s(I(x1^2)) + s(x2) + offset(x3),mgcv/gamSim_eg5,400,1,parametric,ok,degraded: ValueError: tp smooth: fewer unique covariate rows than k (4 < 10),7,0.00021889098570682108,0.00022641601390205324,0.0002636580029502511
lmpy,0.0.1,mgcv_0119,mgcv,y ~ s(x0) + s(x1) + s(x2) + x3,mgcv/gamSim_eg5,400,1,parametric,ok,degraded: ValueError: tp smooth: fewer unique covariate rows than k (4 < 10),7,0.0002380079822614789,0.00024093399406410754,0.00028206000570207834
lmpy,0.0.1,mgcv_0120,mgcv,y ~ s(x0) + s(I(x1/2)) + s(x2) + scale(x3),mgcv/gamSim_eg5,400,1,parametric,ok,degraded: ValueError: tp smooth: fewer unique covariate rows than k (4 < 10),7,0.00035441300133243203,0.00035702899913303554,0.0003911870007868856
lmpy,0.0.1,mgcv_0121,mgcv,y ~ s(x0) + s(scale(x1)) + s(x2) + scale(x3),mgcv/gamSim_eg5,400,1,parametric,ok,degraded: ValueError: tp smooth: fewer unique covariate rows than k (4 < 10),7,0.0003486060013528913,0.00035519199445843697,0.00039793900214135647
lmpy,0.0.1,mgcv_0123,mgcv,"y ~ s(x, k = 5)",mgcv/gamSim_eg2,400,1,full,ok,,7,0.006855493003968149,0.007082636991981417,0.008126013999572024
lmpy,0.0.1,mgcv_0124,mgcv,"travel ~ s(Rail, bs = ""re"")",nlme/Rail,18,1,full,ok,,7,0.0011018909863196313,0.0011747849930543453,0.0013364189944695681
lmpy,0.0.1,mgcv_0125,mgcv,"y ~ fac + s(x1, by = fac) + x2",mgcv/gamSim_eg4,400,1,full,ok,,7,0.008171396009856835,0.008315643994137645,0.008709446992725134
lmpy,0.0.1,mgcv_0128,mgcv,"y ~ s(x0, bs = ""tr"", m = 2) + s(x1, bs = ""ps"", m = c(1, 3)) + s(x2, bs = ""tr"", m = 3) + s(x3, bs = ""tr"", m = 2)",mgcv/gamSim_eg5,400,1,full,unsupported,NotImplementedError: smooth bs='tr' (class dispatch for s(x0)) not yet implemented,7,,,
lmpy,0.0.1,mgcv_0129,mgcv,"y ~ s(x0, bs = ""tr"", m = 2) + s(x1, bs = ""ps"", m = c(1, 3)) + s(x2, bs = ""tr"", m = 3) + s(x3, bs = ""tr"", m = 2)",mgcv/gamSim_eg5,400,1,full,unsupported,NotImplementedError: smooth bs='tr' (class dispatch for s(x0)) not yet implemented,7,,,
lmpy,0.0.1,mgcv_0130,mgcv,"y ~ te(x, z, bs = c(""tr"", ""tr""), m = c(2, 2))",mgcv/gamSim_eg2,400,1,full,unsupported,NotImplementedError: te/ti margin with bs='tr' not yet supported,7,,,
lmpy,0.0.1,mgcv_0131,mgcv,"y ~ s(x, bs = ""ad"", k = 40, m = 5)",mgcv/gamSim_eg2,400,1,full,ok,,7,0.001934443978825584,0.0019750319770537317,0.002089012006763369
lmpy,0.0.1,mgcv_0133,mgcv,"y ~ s(x, z, k = 150)",mgcv/gamSim_eg2,400,1,full,ok,,7,0.1205010240082629,0.12230357900261879,0.13037581599201076
lmpy,0.0.1,mgcv_0134,mgcv,"y ~ s(x, z, bs = ""ad"", k = 15, m = 1)",mgcv/gamSim_eg2,400,1,full,ok,,7,0.005290900997351855,0.0053463890217244625,0.0055177850008476526
lmpy,0.0.1,mgcv_0135,mgcv,"y ~ s(x, z, bs = ""ad"", k = 15, m = 3)",mgcv/gamSim_eg2,400,1,full,ok,,7,0.034809139993740246,0.03589833399746567,0.03742795399739407
lmpy,0.0.1,mgcv_0137,mgcv,"y ~ s(x, m = 1, k = 20)",mgcv/gamSim_eg2,400,1,full,ok,,7,0.015704146004281938,0.016668730997480452,0.01809849397977814
lmpy,0.0.1,mgcv_0138,mgcv,"y ~ s(x, bs = ""bs"", m = c(3, 1), k = 20)",mgcv/gamSim_eg2,400,1,full,ok,,7,0.0038682399899698794,0.003988156997365877,0.004268472985131666
lmpy,0.0.1,mgcv_0139,mgcv,"y ~ s(x, bs = ""cc"", k = 12) + s(z)",mgcv/gamSim_eg2,400,1,full,ok,,7,0.008414509007707238,0.008629588002804667,0.009007732995087281
lmpy,0.0.1,mgcv_0143,mgcv,"y ~ s(x0) + s(x1, fac, bs = ""fs"", k = 5) + s(x2, k = 20)",mgcv/gamSim_eg4,400,1,full,ok,,7,0.0282095420116093,0.029000448004808277,0.032819274987559766
lmpy,0.0.1,mgcv_0144,mgcv,"y ~ s(x, z, bs = ""gp"", k = 50)",mgcv/gamSim_eg2,400,1,full,ok,,7,0.05001775300479494,0.054257769021205604,0.056676451000384986
lmpy,0.0.1,mgcv_0145,mgcv,"y ~ s(x, z, bs = ""gp"", k = 50, m = c(1, 0.5))",mgcv/gamSim_eg2,400,1,full,ok,,7,0.0610220110102091,0.06403656300972216,0.06520740801352076
lmpy,0.0.1,mgcv_0146,mgcv,"y ~ s(x, z, bs = ""gp"", k = 50, m = c(-1, 0.5))",mgcv/gamSim_eg2,400,1,full,ok,,7,0.06318464898504317,0.06437449000077322,0.0655764109978918
lmpy,0.0.1,mgcv_0151,mgcv,"y ~ s(x, bs = ""cp"") + s(z, bs = ""ps"")",mgcv/gamSim_eg2,400,1,full,ok,,7,0.0036677360185422003,0.0036788840079680085,0.003958779998356476
lmpy,0.0.1,mgcv_0152,mgcv,"y ~ s(x, bs = ""cp"", k = 12) + s(z, bs = ""ps"", k = 13)",mgcv/gamSim_eg2,400,1,full,ok,,7,0.00414244199055247,0.004391374008264393,0.004744911013403907
lmpy,0.0.1,mgcv_0162,mgcv,"y ~ s(x2) + s(fac, x2, bs = ""sz"") + s(x0)",mgcv/gamSim_eg4,400,1,full,ok,,7,0.020582104014465585,0.02188976400066167,0.022583106998354197
lmpy,0.0.1,mgcv_0164,mgcv,"y ~ s(x, m = c(2, 0)) + x",mgcv/gamSim_eg2,400,1,full,ok,,7,0.007322018995182589,0.007740941015072167,0.008200453012250364
lmpy,0.0.1,mgcv_0165,mgcv,y ~ s(x),mgcv/gamSim_eg2,400,1,full,ok,,7,0.006735476024914533,0.0070400840195361525,0.007294857990927994
lmpy,0.0.1,mgcv_0168,mgcv,"y ~ s(x, bs = ""cc"", k = 10) + s(z)",mgcv/gamSim_eg2,400,1,full,ok,,7,0.007547126995632425,0.00771363900275901,0.007843300991225988
lmpy,0.0.1,mgcv_0172,mgcv,"y ~ s(x0, m = 1) + s(x1) + s(x2) + s(x3) + s(fac, bs = ""re"")",mgcv/gamSim_eg6,400,1,full,ok,,7,0.02815442401333712,0.02844206601730548,0.028812090982683003
lmpy,0.0.1,mgcv_0173,mgcv,"y ~ te(x, z)",mgcv/gamSim_eg2,400,1,full,ok,,7,0.0025085019879043102,0.0025556150067131966,0.002634304983075708
lmpy,0.0.1,mgcv_0174,mgcv,"y ~ t2(x, z)",mgcv/gamSim_eg2,400,1,full,ok,,7,0.003428091004025191,0.0034924999927170575,0.003529239009367302
lmpy,0.0.1,mgcv_0175,mgcv,"y ~ t2(x, z, bs = c(""tp"", ""tp""))",mgcv/gamSim_eg2,400,1,full,ok,,7,0.013565190020017326,0.014019848982570693,0.014256975002354011
lmpy,0.0.1,mgcv_0178,mgcv,"y ~ ti(x) + ti(z) + ti(x, z)",mgcv/gamSim_eg2,400,1,full,ok,,7,0.004464363999431953,0.004510046972427517,0.004612863005604595
lmpy,0.0.1,mgcv_0179,mgcv,"y ~ ti(x) + ti(x, z, mc = c(0, 1))",mgcv/gamSim_eg2,400,1,full,ok,,7,0.003358593996381387,0.003395462001208216,0.003475655015790835
lmpy,0.0.1,mgcv_0181,mgcv,"y ~ s(x, bs = ""cc"", k = 10)",mgcv/gamSim_eg2,400,1,full,ok,,7,0.0013311940128915012,0.0013821279862895608,0.0014535250084009022
lmpy,0.0.1,mgcv_0182,mgcv,"y ~ s(x0, x1, x2)",mgcv/gamSim_eg5,400,1,full,ok,,7,0.08279647000017576,0.0833716279885266,0.08469531201990321
